course_id,title,faculty_id,credits,semester_offered
C001,De-engineered static forecast,F07,3,Spring
C002,Inverse stable solution,F37,2,Fall
C003,Universal homogeneous utilization,F33,2,Summer
C004,Persistent radical data-warehouse,F02,2,Summer
C005,Reverse-engineered static challenge,F35,3,Spring
C006,Multi-lateral contextually-based focus group,F11,3,Summer
C007,Integrated uniform alliance,F05,2,Spring
C008,Organic high-level ability,F28,4,Spring
C009,User-centric user-facing software,F30,2,Spring
C010,Assimilated local Graphic Interface,F41,3,Summer
C011,Cross-platform contextually-based hub,F20,4,Fall
C012,Reactive asynchronous archive,F24,2,Fall
C013,Organized explicit portal,F09,4,Fall
C014,Universal asymmetric instruction set,F29,2,Fall
C015,Robust incremental framework,F38,2,Summer
C016,Face-to-face actuating parallelism,F12,4,Spring
C017,Triple-buffered methodical Local Area Network,F24,3,Summer
C018,Extended bandwidth-monitored customer loyalty,F39,4,Summer
C019,Team-oriented incremental solution,F19,4,Spring
C020,Horizontal user-facing algorithm,F20,4,Summer
C021,Focused well-modulated Graphical User Interface,F39,4,Fall
C022,Distributed explicit benchmark,F22,3,Fall
C023,Realigned systemic software,F44,2,Fall
C024,Robust object-oriented initiative,F36,3,Spring
C025,Digitized dedicated support,F24,2,Fall
C026,Innovative tangible open architecture,F36,2,Summer
C027,Multi-channeled explicit product,F20,3,Fall
C028,Multi-lateral high-level portal,F19,2,Spring
C029,Total tertiary function,F01,4,Fall
C030,Customer-focused leadingedge throughput,F44,2,Fall
C031,Realigned upward-trending secured line,F14,3,Summer
C032,Exclusive encompassing knowledge user,F45,3,Spring
C033,Sharable mission-critical implementation,F15,3,Fall
C034,Implemented human-resource Graphical User Interface,F34,3,Spring
C035,Cross-platform next generation customer loyalty,F23,2,Fall
C036,Versatile demand-driven website,F24,3,Summer
C037,Object-based even-keeled emulation,F38,4,Summer
C038,Quality-focused disintermediate monitoring,F10,2,Summer
C039,Sharable web-enabled knowledge user,F45,3,Spring
C040,Right-sized disintermediate info-mediaries,F37,3,Fall
C041,Multi-lateral multi-state function,F24,3,Fall
C042,Persevering upward-trending monitoring,F45,3,Spring
C043,Operative incremental pricing structure,F49,3,Fall
C044,Seamless methodical initiative,F02,3,Fall
C045,Synchronized background flexibility,F27,2,Spring
C046,Team-oriented modular circuit,F29,2,Fall
C047,Integrated content-based core,F28,2,Fall
C048,Inverse transitional capability,F15,4,Fall
C049,Pre-emptive 5thgeneration forecast,F17,4,Summer
C050,Fully-configurable client-driven system engine,F15,4,Fall
